INSERT INTO degree (cod_degree, title_degree) VALUES (1, 'Electrical Engineering');
INSERT INTO degree (cod_degree, title_degree) VALUES (2, 'Mechanical Engineering');
INSERT INTO degree (cod_degree, title_degree) VALUES (3, 'Computer Engineering');
INSERT INTO degree (cod_degree, title_degree) VALUES (4, 'Information Engineering');
INSERT INTO degree (cod_degree, title_degree) VALUES (5, 'Civil Engineering');
INSERT INTO public.department (cod_department, name) VALUES (1, 'Department of Environmental Engineering');
INSERT INTO public.department (cod_department, name) VALUES (2, 'Department of Mechanical and Aerospace Engineering');
INSERT INTO public.department (cod_department, name) VALUES (3, 'Department of Automation and Computer Science');
INSERT INTO public.department (cod_department, name) VALUES (4, 'Department of Electronics and Telecommunications');
INSERT INTO public.department (cod_department, name) VALUES (5, 'Department of Architecture and Design');
INSERT INTO public.department (cod_department, name) VALUES (6, 'Department of Mathematical Sciences');
INSERT INTO public.department (cod_department, name) VALUES (7, 'Department of Energy');
INSERT INTO public.department (cod_department, name) VALUES (8, 'Department of Structural Engineering');
INSERT INTO public.department (cod_department, name) VALUES (9, 'Department of Applied Science');
INSERT INTO public.department (cod_department, name) VALUES (10, 'Department of Management Engineering');
INSERT INTO public.group_table (cod_group, name) VALUES (1, 'APPEAL - Applied Pervasive Architectures Lab');
INSERT INTO public.group_table (cod_group, name) VALUES (2, 'CAD - Electronic CAD & Reliability Group');
INSERT INTO public.group_table (cod_group, name) VALUES (3, 'CGVG - Computer Graphics and Vision Group');
INSERT INTO public.group_table (cod_group, name) VALUES (4, 'DBDM - Database and Data Mining Group');
INSERT INTO public.group_table (cod_group, name) VALUES (5, 'EDA - Electronic Design Automation');
INSERT INTO public.group_table (cod_group, name) VALUES (6, 'ELITE - Intelligent and Interactive Systems');
INSERT INTO public.group_table (cod_group, name) VALUES (7, 'ESSE - Enterprise Systems Software Engineering');
INSERT INTO public.group_table (cod_group, name) VALUES (8, 'FM - Metodi Formali');
INSERT INTO public.group_table (cod_group, name) VALUES (9, 'GRAINS - GRAphics and INtelligent Systems');
INSERT INTO public.group_table (cod_group, name) VALUES (10, 'IMG - Internet Media Group');
INSERT INTO public.group_table (cod_group, name) VALUES (11, 'LIM - Meccatronica');
INSERT INTO public.group_table (cod_group, name) VALUES (12, 'NETGROUP - Computer Networks Group');
INSERT INTO public.group_table (cod_group, name) VALUES (13, 'Nexa Center for Internet & Society');
INSERT INTO public.group_table (cod_group, name) VALUES (14, 'SBG - System Biology Group');
INSERT INTO public.group_table (cod_group, name) VALUES (15, 'SIC - System Identification & Control');
INSERT INTO public.group_table (cod_group, name) VALUES (16, 'SMILIES - reSilient coMputer archItectures and LIfE Sciences');
INSERT INTO public.group_table (cod_group, name) VALUES (17, 'SOFTENG - Software Engineering Group');
INSERT INTO public.group_table (cod_group, name) VALUES (18, 'SRG - Speech Recognition Group');
INSERT INTO public.group_table (cod_group, name) VALUES (19, 'TestGroup');
INSERT INTO public.group_table (cod_group, name) VALUES (20, 'TORSEC - Security Group');
INSERT INTO public.group_table (cod_group, name) VALUES (21, 'VANDAL - Visual and Multimodal Applied Learning Laboratory');
INSERT INTO public.student (enrollment_year, cod_degree, id, email, gender, name, nationality, surname) VALUES (2023, 1, 300000, 'nicolfo3@hotmail.it', 'Male', 'Nicolo', 'Italy', 'Fontana');
INSERT INTO public.student (enrollment_year, cod_degree, id, email, gender, name, nationality, surname) VALUES (2020, 1, 300001, 'thesismanagementstudent1@gmail.com', 'Female', 'Alessia', 'Italy', 'Ferrari');
INSERT INTO public.student (enrollment_year, cod_degree, id, email, gender, name, nationality, surname) VALUES (2021, 3, 300002, 'lena.muller@polito.it', 'Female', 'Lena', 'Germany', 'Müller');
INSERT INTO public.student (enrollment_year, cod_degree, id, email, gender, name, nationality, surname) VALUES (2021, 2, 300003, 'luca.conti@polito.it', 'Male', 'Luca', 'Italy', 'Conti');
INSERT INTO public.student (enrollment_year, cod_degree, id, email, gender, name, nationality, surname) VALUES (2021, 1, 300004, 'emily.smith@polito.it', 'Female', 'Emily', 'United States', 'Smith');
INSERT INTO public.student (enrollment_year, cod_degree, id, email, gender, name, nationality, surname) VALUES (2021, 3, 300005, 'matteo.esposito@polito.it', 'Male', 'Matteo', 'Italy', 'Esposito');
INSERT INTO public.student (enrollment_year, cod_degree, id, email, gender, name, nationality, surname) VALUES (2022, 1, 300006, 'chiara.giordano@polito.it', 'Female', 'Chiara', 'Italy', 'Giordano');
INSERT INTO public.student (enrollment_year, cod_degree, id, email, gender, name, nationality, surname) VALUES (2022, 2, 300007, 'luca.bianchi@polito.it', 'Male', 'Luca', 'Italy', 'Bianchi');
INSERT INTO public.student (enrollment_year, cod_degree, id, email, gender, name, nationality, surname) VALUES (2023, 3, 300008, 'raj.kumar@polito.it', 'Male', 'Raj', 'India', 'Kumar');
INSERT INTO public.student (enrollment_year, cod_degree, id, email, gender, name, nationality, surname) VALUES (2023, 2, 300009, 'maria.santos@polito.it', 'Female', 'Maria', 'Portugal', 'Santos');
INSERT INTO public.student (enrollment_year, cod_degree, id, email, gender, name, nationality, surname) VALUES (2023, 1, 300010, 'quang.nguyen@polito.it', 'Male', 'Quang', 'Vietnam', 'Nguyen');
INSERT INTO public.teacher (cod_department, cod_group, id, email, name, surname) VALUES (8, 7, 300011, 'andrea.fabbri@polito.it', 'Andrea', 'Fabbri');
INSERT INTO public.teacher (cod_department, cod_group, id, email, name, surname) VALUES (4, 15, 300012, 'sofia.moretti@polito.it', 'Sofia', 'Moretti');
INSERT INTO public.teacher (cod_department, cod_group, id, email, name, surname) VALUES (10, 3, 300013, 'matteo.gallo@polito.it', 'Matteo', 'Gallo');
INSERT INTO public.teacher (cod_department, cod_group, id, email, name, surname) VALUES (10, 9, 300014, 'fatima.al-mansoori@polito.it', 'Fatima', 'Al-Mansoori');
INSERT INTO public.teacher (cod_department, cod_group, id, email, name, surname) VALUES (7, 19, 300015, 'ananya.patel@polito.it', 'Ananya', 'Patel');
INSERT INTO public.teacher (cod_department, cod_group, id, email, name, surname) VALUES (2, 18, 300016, 'chiara.pagano@polito.it', 'Chiara', 'Pagano');
INSERT INTO public.teacher (cod_department, cod_group, id, email, name, surname) VALUES (6, 16, 300017, 'chang.wei@polito.it', 'Chang', 'Wei');
INSERT INTO public.teacher (cod_department, cod_group, id, email, name, surname) VALUES (6, 6, 300018, 'luca.marini@polito.it', 'Luca', 'Marini');
INSERT INTO public.teacher (cod_department, cod_group, id, email, name, surname) VALUES (7, 14, 300019, 'thesismanagementteacher1@gmail.com', 'Marco', 'Bianco');
INSERT INTO public.teacher (cod_department, cod_group, id, email, name, surname) VALUES (2, 11, 300020, 'andrei.ivanov@polito.it', 'Andrei', 'Ivanov');
INSERT INTO public.teacher (cod_department, cod_group, id, email, name, surname) VALUES (2, 11, 300021, 'nicolfo2@hotmail.it', 'Nicolo', 'Fontana');
INSERT INTO public.proposal (archived, expiration, id, supervisor_id, cds, description, keywords, level, notes, required_knowledge, title, type) VALUES (false, '2024-05-20 02:00:00.000000', 1001, 300020, 'Aerospace Engineering', 'A generalized-likelihood-ratio-based test is proposed to acquire Starlink''s downlink signals.', 'Doppler effect, Downlink, Receivers, OFDM, Low earth orbit satellites, Bandwidth, Synchronization', 'Bachelor''s', '', 'Signal processing, Communication protocols, Statistics.', 'Acquisition Doppler Tracking and Positioning With Starlink LEO Satellites', 'Research');
INSERT INTO public.proposal (archived, expiration, id, supervisor_id, cds, description, keywords, level, notes, required_knowledge, title, type) VALUES (false, '2023-12-31 02:00:00.000000', 1002, 300019, 'Aerospace Engineering', 'Two recursive algorithms for the detection of multiple superimposed tones in noise and the estimation of their parameters should be derived. They are based on a maximum likelihood approach and combine an innovative single-tone', 'Frequency estimation, Maximum likelihood estimation, Radar, Iterative methods, Approximation algorithms, MIMO communication, Interpolation', 'Master''s', '', 'Algorithm design, Radar systems, Advanced mathematics.', 'Recursive Algorithms for the Estimation of Multiple Superimposed Undamped Tones and Their Application to Radar Systems', 'Research');
INSERT INTO public.proposal (archived, expiration, id, supervisor_id, cds, description, keywords, level, notes, required_knowledge, title, type) VALUES (false, '2024-07-19 02:00:00.000000', 1003, 300019, 'Electrical Engineering', 'Location-based services or smart home applications all depend on an accurate indoor positioning system. Basically one divides these systems into token-based and token-free localization systems. ', 'Indoor Positioning System, Indoor Localization, Electric Field Sensing, Electric Potential Sensing, Body Charge Distribution', 'Bachelor''s', '', 'Sensor technologies, Algorithm development, Networking.', 'Performing indoor localization with electric potential sensing', 'Development');
INSERT INTO public.proposal (archived, expiration, id, supervisor_id, cds, description, keywords, level, notes, required_knowledge, title, type) VALUES (false, '2024-06-21 02:00:00.000000', 1004, 300019, 'Computer Engineering', 'Many End-to-End (E2E) testing tools allow developers to create repeatable test scripts that mimic a human user''s interaction with the application and evaluate its response. Various paradigms of testing tools have been defined that are differentiated based', 'Mobile Applications, Artificial Intelligence, Human-Computer Interfaces, Machine Learning', 'Master''s', '', 'Test automation, Artificial intelligence, Mobile systems.', 'Computer vision techniques for mobile testing', ' Software Testing');
INSERT INTO public.proposal (archived, expiration, id, supervisor_id, cds, description, keywords, level, notes, required_knowledge, title, type) VALUES (false, '2026-10-15 02:00:00.000000', 1005, 300020, 'Electrical Engineering', 'Road traffic accidents caused approximately 1.35 million deaths worldwide in 2016. Active driver assistance systems (ADASs) have been shown to dramatically reduce traffic accidents', 'Radar, Radar Imaging, Radar Detection, Doppler Radar, Doppler Effect, Laser Radar, Radar Antennas', 'Master''s', '', 'Radar technology, Signal processing, Automotive safety.', 'Automotive Imaging and Super-Resolution Radar Systems', 'Research');
INSERT INTO public.proposal (archived, expiration, id, supervisor_id, cds, description, keywords, level, notes, required_knowledge, title, type) VALUES (false, '2023-12-31 02:00:00.000000', 1006, 300018, 'Computer Engineering', 'Advanced driver assistance systems (ADASs) and autonomous vehicles rely on different types of sensors, such as camera, radar, ultrasonic, and LiDAR, to sense the surrounding environment.', 'Radar, Radar Imaging, Radar Detection, Doppler Radar, Doppler Effect, Laser Radar, Radar Antennas', 'Bachelor''s', '', 'Sensor integration, Machine learning, Software development.', 'Deep-Neural-Network-Enabled Vehicle Detection Using High-Resolution Automotive Radar Imaging', 'Development');
INSERT INTO public.proposal (archived, expiration, id, supervisor_id, cds, description, keywords, level, notes, required_knowledge, title, type) VALUES (false, '2024-07-19 02:00:00.000000', 1007, 300016, 'Computer Engineering', 'With the widespread use of biometric systems, the demographic bias problem raises more attention. Although many studies addressed bias issues in biometric verification, there are no works that analyze the bias in presentation attack detection decisions.', 'Training, Databases, Training data, Signal processing algorithms, Europe, Signal processing, Iris recognition', 'Master''s', '', 'Biometric systems, Signal processing, Database management.', 'Demographic Bias in Presentation Attack Detection of Iris Recognition Systems', 'Research');
INSERT INTO public.proposal (archived, expiration, id, supervisor_id, cds, description, keywords, level, notes, required_knowledge, title, type) VALUES (true, '2024-07-19 02:00:00.000000', 1008, 300016, 'Computer Engineering', 'While bias across demographic groups in FR systems has already been studied, the bias of explainability tools has not yet been investigated. The possible existence of bias in their outcome can lead to a chain of biased decisions. ', 'Deep Learning, Computer Vision, Face Recognition, Europe, Signal Processing, Behavioral Sciences', 'Master''s', '', 'Deep learning, Computer vision, Ethical considerations.', 'Are Explainability Tools Gender Biased?', 'Research');
INSERT INTO public.proposal (archived, expiration, id, supervisor_id, cds, description, keywords, level, notes, required_knowledge, title, type) VALUES (true, '2024-06-21 02:00:00.000000', 1009, 300017, 'Computer Engineering', 'This work starts by adapting the penalty margin loss to the iris recognition problem. This included novel analyses on the appropriate penalty margin for iris recognition. ', 'Training, Analytical Models, Image Resolution, Biological System Modeling, Data Models, Knowledge Transfer, Iris Recognition', 'Bachelor''s', '', 'Machine learning, Data analysis, Statistical modeling.', 'Low-resolution Iris Recognition via Knowledge Transfer', 'Development');
INSERT INTO public.proposal (archived, expiration, id, supervisor_id, cds, description, keywords, level, notes, required_knowledge, title, type) VALUES (true, '2023-12-31 02:00:00.000000', 1010, 300016, 'Computer Engineering', 'Despite the wide use of deep neural network for periocular verification, achieving smaller deep learning models with high performance that can be deployed on low computational powered devices remains a challenge.', 'Smartphones, Computational Modeling, Training, Performance Evaluation, Databases, Feature Extraction, Lighting', 'Bachelor''s', '', 'Deep learning, Model optimization, Mobile application development.', 'Compact Models for Periocular Verification Through Knowledge Distillation', 'Development');
INSERT INTO public.proposal (archived, expiration, id, supervisor_id, cds, description, keywords, level, notes, required_knowledge, title, type) VALUES (false, '2024-08-15 02:00:00.000000', 1011, 300018, 'Aerospace Engineering', 'Design and implement algorithms for autonomous navigation in low earth orbit satellites.', 'Orbital Mechanics, Autonomous Navigation, Spacecraft Dynamics, Kalman Filtering, Control Systems', 'Master''s', '', 'Orbital mechanics, Control systems, Algorithm design.', 'Autonomous Navigation Algorithms for Low Earth Orbit Satellites', 'Research');
INSERT INTO public.proposal (archived, expiration, id, supervisor_id, cds, description, keywords, level, notes, required_knowledge, title, type) VALUES (false, '2024-09-30 02:00:00.000000', 1012, 300019, 'Computer Engineering', 'Develop a real-time image recognition system using deep learning for smart home security applications.', 'Image Recognition, Deep Learning, Convolutional Neural Networks, Real-time Systems, Smart Home Security', 'Bachelor''s', '', 'Computer vision, Real-time systems, Security protocols.', 'Real-time Image Recognition for Smart Home Security', 'Development');
INSERT INTO public.proposal (archived, expiration, id, supervisor_id, cds, description, keywords, level, notes, required_knowledge, title, type) VALUES (false, '2025-02-28 02:00:00.000000', 1013, 300020, 'Electrical Engineering', 'Implement and evaluate algorithms for super-resolution radar imaging to enhance automotive safety.', 'Super-Resolution Imaging, Radar Systems, Automotive Safety, Signal Processing, Algorithm Implementation', 'Master''s', '', 'Signal processing, Radar technology, Algorithm evaluation.', 'Enhanced Automotive Safety through Super-Resolution Radar Imaging', 'Development');
INSERT INTO public.proposal (archived, expiration, id, supervisor_id, cds, description, keywords, level, notes, required_knowledge, title, type) VALUES (true, '2025-01-15 02:00:00.000000', 1014, 300018, 'Aerospace Engineering', 'Investigate the impact of atmospheric conditions on radar performance and propose mitigation techniques.', 'Radar Performance, Atmospheric Effects, Signal Processing, Mitigation Techniques', 'Master''s', '', 'Meteorology, Signal processing, Algorithm development.', 'Mitigating Atmospheric Effects on Radar Performance', 'Research');
INSERT INTO public.proposal (archived, expiration, id, supervisor_id, cds, description, keywords, level, notes, required_knowledge, title, type) VALUES (true, '2024-12-01 02:00:00.000000', 1015, 300017, 'Computer Engineering', 'Develop algorithms for iris recognition systems resilient to adversarial attacks and variations in lighting conditions.', 'Adversarial Attacks, Iris Recognition, Algorithm Development, Lighting Conditions, Biometric Systems', 'Bachelor''s', '', 'Cybersecurity, Biometric systems, Algorithm design.', 'Robust Iris Recognition Algorithms for Adverse Conditions', 'Development');
INSERT INTO public.proposal_co_supervisors (co_supervisors_id, proposal_id) VALUES (300011, 1011);
INSERT INTO public.proposal_co_supervisors (co_supervisors_id, proposal_id) VALUES (300012, 1012);
INSERT INTO public.proposal_co_supervisors (co_supervisors_id, proposal_id) VALUES (300013, 1013);
INSERT INTO public.proposal_co_supervisors (co_supervisors_id, proposal_id) VALUES (300014, 1014);
INSERT INTO public.proposal_co_supervisors (co_supervisors_id, proposal_id) VALUES (300015, 1005);
INSERT INTO public.proposal_co_supervisors (co_supervisors_id, proposal_id) VALUES (300016, 1006);
INSERT INTO public.proposal_co_supervisors (co_supervisors_id, proposal_id) VALUES (300011, 1007);
INSERT INTO public.proposal_co_supervisors (co_supervisors_id, proposal_id) VALUES (300012, 1008);
INSERT INTO public.proposal_co_supervisors (co_supervisors_id, proposal_id) VALUES (300013, 1009);
INSERT INTO public.proposal_co_supervisors (co_supervisors_id, proposal_id) VALUES (300014, 1010);
INSERT INTO public.proposal_co_supervisors (co_supervisors_id, proposal_id) VALUES (300015, 1011);
INSERT INTO public.proposal_co_supervisors (co_supervisors_id, proposal_id) VALUES (300017, 1012);
INSERT INTO public.proposal_co_supervisors (co_supervisors_id, proposal_id) VALUES (300011, 1013);
INSERT INTO public.proposal_co_supervisors (co_supervisors_id, proposal_id) VALUES (300012, 1014);
INSERT INTO public.proposal_co_supervisors (co_supervisors_id, proposal_id) VALUES (300013, 1015);
INSERT INTO public.proposal_co_supervisors (co_supervisors_id, proposal_id) VALUES (300014, 1001);
INSERT INTO public.proposal_co_supervisors (co_supervisors_id, proposal_id) VALUES (300015, 1002);
INSERT INTO public.proposal_co_supervisors (co_supervisors_id, proposal_id) VALUES (300018, 1003);
INSERT INTO public.proposal_co_supervisors (co_supervisors_id, proposal_id) VALUES (300011, 1004);
INSERT INTO public.proposal_co_supervisors (co_supervisors_id, proposal_id) VALUES (300012, 1005);
INSERT INTO public.proposal_co_supervisors (co_supervisors_id, proposal_id) VALUES (300013, 1006);
INSERT INTO public.proposal_co_supervisors (co_supervisors_id, proposal_id) VALUES (300014, 1007);
INSERT INTO public.proposal_co_supervisors (co_supervisors_id, proposal_id) VALUES (300015, 1008);
INSERT INTO public.proposal_co_supervisors (co_supervisors_id, proposal_id) VALUES (300019, 1009);
INSERT INTO public.proposal_co_supervisors (co_supervisors_id, proposal_id) VALUES (300011, 1010);
INSERT INTO public.proposal_co_supervisors (co_supervisors_id, proposal_id) VALUES (300012, 1011);
INSERT INTO public.proposal_co_supervisors (co_supervisors_id, proposal_id) VALUES (300013, 1012);
INSERT INTO public.proposal_co_supervisors (co_supervisors_id, proposal_id) VALUES (300014, 1013);
INSERT INTO public.proposal_co_supervisors (co_supervisors_id, proposal_id) VALUES (300015, 1014);
INSERT INTO public.proposal_co_supervisors (co_supervisors_id, proposal_id) VALUES (300017, 1015);
INSERT INTO public.proposal_groups (groups_cod_group, proposal_id) VALUES (9, 1001);
INSERT INTO public.proposal_groups (groups_cod_group, proposal_id) VALUES (17, 1002);
INSERT INTO public.proposal_groups (groups_cod_group, proposal_id) VALUES (3, 1003);
INSERT INTO public.proposal_groups (groups_cod_group, proposal_id) VALUES (16, 1004);
INSERT INTO public.proposal_groups (groups_cod_group, proposal_id) VALUES (19, 1005);
INSERT INTO public.proposal_groups (groups_cod_group, proposal_id) VALUES (19, 1006);
INSERT INTO public.proposal_groups (groups_cod_group, proposal_id) VALUES (8, 1007);
INSERT INTO public.proposal_groups (groups_cod_group, proposal_id) VALUES (3, 1008);
INSERT INTO public.proposal_groups (groups_cod_group, proposal_id) VALUES (3, 1009);
INSERT INTO public.proposal_groups (groups_cod_group, proposal_id) VALUES (16, 1010);
INSERT INTO public.proposal_groups (groups_cod_group, proposal_id) VALUES (20, 1011);
INSERT INTO public.proposal_groups (groups_cod_group, proposal_id) VALUES (19, 1012);
INSERT INTO public.proposal_groups (groups_cod_group, proposal_id) VALUES (19, 1013);
INSERT INTO public.proposal_groups (groups_cod_group, proposal_id) VALUES (11, 1014);
INSERT INTO public.proposal_groups (groups_cod_group, proposal_id) VALUES (3, 1015);
--INSERT INTO public.attachment (attachment_id, content_type, file_name, attachment) VALUES (1001, 'application/pdf', 'CV_1', null);
--INSERT INTO public.attachment (attachment_id, content_type, file_name, attachment) VALUES (1002, 'application/pdf', 'CV_2', null);
--INSERT INTO public.attachment (attachment_id, content_type, file_name, attachment) VALUES (1003, 'application/pdf', 'CV_3', null);
--INSERT INTO public.attachment (attachment_id, content_type, file_name, attachment) VALUES (1004, 'application/pdf', 'CV_4', null);
--INSERT INTO public.attachment (attachment_id, content_type, file_name, attachment) VALUES (1005, 'application/pdf', 'CV_5', null);
--INSERT INTO public.attachment (attachment_id, content_type, file_name, attachment) VALUES (1006, 'application/pdf', 'CV_6', null);
--INSERT INTO public.attachment (attachment_id, content_type, file_name, attachment) VALUES (1007, 'application/pdf', 'CV_7', null);
--INSERT INTO public.attachment (attachment_id, content_type, file_name, attachment) VALUES (1008, 'application/pdf', 'CV_8', null);
INSERT INTO public.application (apply_date, attachment_attachment_id, id, proposal_id, student_id, status) VALUES ('2022-04-15 09:30:22.548215', null, 1003, 1003, 300003, 'PENDING');
INSERT INTO public.application (apply_date, attachment_attachment_id, id, proposal_id, student_id, status) VALUES ('2022-02-20 15:45:40.654321', null, 1001, 1002, 300010, 'REJECTED');
INSERT INTO public.application (apply_date, attachment_attachment_id, id, proposal_id, student_id, status) VALUES ('2022-02-20 15:45:40.654321', null, 1011, 1002, 300008, 'PENDING');
INSERT INTO public.application (apply_date, attachment_attachment_id, id, proposal_id, student_id, status) VALUES ('2022-04-15 09:30:22.548215', null, 1004, 1003, 300001, 'PENDING');
INSERT INTO public.application (apply_date, attachment_attachment_id, id, proposal_id, student_id, status) VALUES ('2022-02-20 15:45:40.654321', null , 1005, 1002, 300002, 'PENDING');
INSERT INTO public.application (apply_date, attachment_attachment_id, id, proposal_id, student_id, status) VALUES ('2022-04-15 09:30:22.548215', null, 1010, 1003, 300007, 'PENDING');
INSERT INTO public.application (apply_date, attachment_attachment_id, id, proposal_id, student_id, status) VALUES ('2023-09-07 11:20:10.000000', null, 1012, 1004, 300009, 'PENDING');
INSERT INTO public.application (apply_date, attachment_attachment_id, id, proposal_id, student_id, status) VALUES ('2022-04-15 09:30:22.548215', null, 1007, 1003, 300004, 'PENDING');
INSERT INTO public.application (apply_date, attachment_attachment_id, id, proposal_id, student_id, status) VALUES ('2023-09-07 11:20:10.000000', null, 1009, 1004, 300006, 'PENDING');
INSERT INTO public.application (apply_date, attachment_attachment_id, id, proposal_id, student_id, status) VALUES ('2022-02-20 15:45:40.654321', null, 1008, 1002, 300005, 'PENDING');
INSERT INTO public.application (apply_date, attachment_attachment_id, id, proposal_id, student_id, status) VALUES ('2022-04-15 09:30:22.548215', null, 1022, 1001, 300004, 'PENDING');
INSERT INTO public.application (apply_date, attachment_attachment_id, id, proposal_id, student_id, status) VALUES ('2022-04-15 09:30:22.548215', null, 1023, 1004, 300010, 'PENDING');
INSERT INTO public.application (apply_date, attachment_attachment_id, id, proposal_id, student_id, status) VALUES ('2022-04-15 09:30:22.548215', null, 1024, 1003, 300009, 'PENDING');
INSERT INTO public.application (apply_date, attachment_attachment_id, id, proposal_id, student_id, status) VALUES ('2022-04-15 09:30:22.548215', null, 1025, 1013, 300009, 'PENDING');
INSERT INTO public.application (apply_date, attachment_attachment_id, id, proposal_id, student_id, status) VALUES ('2022-04-15 09:30:22.548215', null, 1026, 1003, 300008, 'PENDING');
INSERT INTO public.application (apply_date, attachment_attachment_id, id, proposal_id, student_id, status) VALUES ('2022-04-15 09:30:22.548215', null, 1027, 1004, 300008, 'PENDING');
INSERT INTO public.application (apply_date, attachment_attachment_id, id, proposal_id, student_id, status) VALUES ('2022-04-15 09:30:22.548215', null, 1028, 1003, 300006, 'PENDING');
INSERT INTO public.application (apply_date, attachment_attachment_id, id, proposal_id, student_id, status) VALUES ('2022-04-15 09:30:22.548215', null, 1029, 1004, 300005, 'PENDING');
INSERT INTO public.application (apply_date, attachment_attachment_id, id, proposal_id, student_id, status) VALUES ('2022-04-15 09:30:22.548215', null, 1030, 1002, 300004, 'PENDING');
INSERT INTO public.career (cfu, grade, date, id, student_id, cod_course, title_course) VALUES (6, 25, '2020-06-15 09:32:15.123456', 1, 300010, '01PDWOV', 'Information systems');
INSERT INTO public.career (cfu, grade, date, id, student_id, cod_course, title_course) VALUES (6, 28, '2021-04-20 15:45:30.987654', 2, 300009, '01PFPOV', 'Mobile application development');
INSERT INTO public.career (cfu, grade, date, id, student_id, cod_course, title_course) VALUES (6, 30, '2022-03-10 12:18:45.234567', 3, 300001, '01SQNOV', 'Software Engineering II');
INSERT INTO public.career (cfu, grade, date, id, student_id, cod_course, title_course) VALUES (6, 18, '2020-05-02 08:54:20.345678', 4, 300003, '01TYMOV', 'Information systems security');
INSERT INTO public.career (cfu, grade, date, id, student_id, cod_course, title_course) VALUES (10, 27, '2021-07-12 14:36:40.876543', 5, 300003, '01NYHOV', 'System and device programming');
INSERT INTO public.career (cfu, grade, date, id, student_id, cod_course, title_course) VALUES (6, 29, '2022-08-05 11:27:55.432109', 6, 300008, '02JEUOV', 'Formal languages and compilers');
INSERT INTO public.career (cfu, grade, date, id, student_id, cod_course, title_course) VALUES (6, 32, '2020-09-14 10:09:10.987654', 7, 300005, '02JSKOV', 'Human Computer Interaction');
INSERT INTO public.career (cfu, grade, date, id, student_id, cod_course, title_course) VALUES (10, 28, '2021-10-25 16:42:35.543210', 8, 300001, '02LSEOV', 'Computer architectures');
INSERT INTO public.career (cfu, grade, date, id, student_id, cod_course, title_course) VALUES (8, 25, '2022-11-08 13:24:50.098765', 9, 300010, '01SQJOV', 'Data Science and Database Technology');
INSERT INTO public.career (cfu, grade, date, id, student_id, cod_course, title_course) VALUES (6, 24, '2020-12-01 11:15:05.654321', 10, 300002, '01OTWOV', 'Computer network technologies and services');
INSERT INTO public.career (cfu, grade, date, id, student_id, cod_course, title_course) VALUES (8, 26, '2021-12-31 17:57:25.210987', 11, 300004, '04GSPOV', 'Software engineering');
INSERT INTO public.career (cfu, grade, date, id, student_id, cod_course, title_course) VALUES (6, 27, '2022-01-15 12:03:40.765432', 12, 300006, '01TXYOV', 'Web Applications I');
INSERT INTO public.career (cfu, grade, date, id, student_id, cod_course, title_course) VALUES (6, 22, '2021-08-20 09:45:10.123456', 13, 300007, '01DSHOV', 'Big data processing and analytics');
INSERT INTO public.career (cfu, grade, date, id, student_id, cod_course, title_course) VALUES (6, 28, '2022-06-15 15:30:30.987654', 14, 300002, '02GOLOV', 'Architetture dei sistemi di elaborazione');
INSERT INTO public.career (cfu, grade, date, id, student_id, cod_course, title_course) VALUES (8, 25, '2023-02-02 12:18:45.234567', 15, 300005, '01SQJOV', 'Data Science and Database Technology');
INSERT INTO public.career (cfu, grade, date, id, student_id, cod_course, title_course) VALUES (6, 18, '2022-04-05 08:54:20.345678', 16, 300008, '02KPNOV', 'Tecnologie e servizi di rete');
INSERT INTO public.career (cfu, grade, date, id, student_id, cod_course, title_course) VALUES (8, 30, '2021-11-10 14:36:40.876543', 17, 300009, '05BIDOV', 'Ingegneria del software');
INSERT INTO public.career (cfu, grade, date, id, student_id, cod_course, title_course) VALUES (6, 29, '2020-10-25 11:27:55.432109', 18, 300003, '02GRSOV', 'Programmazione di sistema');
INSERT INTO public.career (cfu, grade, date, id, student_id, cod_course, title_course) VALUES (6, 32, '2022-09-14 10:09:10.987654', 19, 300006, '01URTOV', 'Machine learning and pattern recognition');
INSERT INTO public.career (cfu, grade, date, id, student_id, cod_course, title_course) VALUES (6, 26, '2020-11-08 13:24:50.098765', 20, 300001, '01DSHOV', 'Big data processing and analytics');
INSERT INTO public.career (cfu, grade, date, id, student_id, cod_course, title_course) VALUES (6, 23, '2023-07-01 11:15:05.654321', 21, 300004, '02GOLOV', 'Architetture dei sistemi di elaborazione');
INSERT INTO public.career (cfu, grade, date, id, student_id, cod_course, title_course) VALUES (8, 27, '2022-12-15 17:57:25.210987', 22, 300010, '01SQJOV', 'Data Science and Database Technology');
INSERT INTO public.career (cfu, grade, date, id, student_id, cod_course, title_course) VALUES (6, 20, '2020-04-08 12:03:40.765432', 23, 300009, '02KPNOV', 'Tecnologie e servizi di rete');
INSERT INTO public.career (cfu, grade, date, id, student_id, cod_course, title_course) VALUES (8, 24, '2023-03-25 09:30:22.548215', 24, 300003, '05BIDOV', 'Ingegneria del software');
INSERT INTO public.career (cfu, grade, date, id, student_id, cod_course, title_course) VALUES (6, 30, '2021-01-28 14:16:30.987654', 25, 300007, '02GRSOV', 'Programmazione di sistema');
INSERT INTO public.career (cfu, grade, date, id, student_id, cod_course, title_course) VALUES (6, 29, '2020-02-12 12:18:45.234567', 26, 300010, '01URTOV', 'Machine learning and pattern recognition');
INSERT INTO public.career (cfu, grade, date, id, student_id, cod_course, title_course) VALUES (6, 21, '2022-05-03 08:54:20.345678', 27, 300004, '01DSHOV', 'Big data processing and analytics');
INSERT INTO public.career (cfu, grade, date, id, student_id, cod_course, title_course) VALUES (6, 25, '2023-10-20 14:36:40.876543', 28, 300006, '02GOLOV', 'Architetture dei sistemi di elaborazione');
INSERT INTO public.career (cfu, grade, date, id, student_id, cod_course, title_course) VALUES (8, 26, '2021-06-05 11:27:55.432109', 29, 300008, '01SQJOV', 'Data Science and Database Technology');
INSERT INTO public.career (cfu, grade, date, id, student_id, cod_course, title_course) VALUES (6, 28, '2022-08-15 10:09:10.987654', 30, 300001, '02KPNOV', 'Tecnologie e servizi di rete');
INSERT INTO public.career (cfu, grade, date, id, student_id, cod_course, title_course) VALUES (8, 23, '2020-09-01 16:42:35.543210', 31, 300002, '05BIDOV', 'Ingegneria del software');
INSERT INTO public.career (cfu, grade, date, id, student_id, cod_course, title_course) VALUES (6, 30, '2021-12-18 13:24:50.098765', 32, 300005, '02GRSOV', 'Programmazione di sistema');
INSERT INTO public.career (cfu, grade, date, id, student_id, cod_course, title_course) VALUES (6, 22, '2020-11-23 11:15:05.654321', 33, 300009, '01URTOV', 'Machine learning and pattern recognition');
INSERT INTO public.career (cfu, grade, date, id, student_id, cod_course, title_course) VALUES (6, 24, '2022-02-05 17:57:25.210987', 34, 300003, '01DSHOV', 'Big data processing and analytics');
INSERT INTO public.career (cfu, grade, date, id, student_id, cod_course, title_course) VALUES (6, 28, '2023-01-15 12:03:40.765432', 35, 300010, '02GOLOV', 'Architetture dei sistemi di elaborazione');
INSERT INTO public.career (cfu, grade, date, id, student_id, cod_course, title_course) VALUES (8, 27, '2022-05-10 09:30:22.548215', 36, 300001, '01SQJOV', 'Data Science and Database Technology');
INSERT INTO public.career (cfu, grade, date, id, student_id, cod_course, title_course) VALUES (6, 26, '2020-08-04 14:16:30.987654', 37, 300007, '02KPNOV', 'Tecnologie e servizi di rete');
INSERT INTO public.career (cfu, grade, date, id, student_id, cod_course, title_course) VALUES (8, 29, '2023-11-28 11:27:55.432109', 38, 300004, '05BIDOV', 'Ingegneria del software');
INSERT INTO public.career (cfu, grade, date, id, student_id, cod_course, title_course) VALUES (6, 25, '2021-02-20 10:09:10.987654', 39, 300006, '02GRSOV', 'Programmazione di sistema');
INSERT INTO public.career (cfu, grade, date, id, student_id, cod_course, title_course) VALUES (6, 30, '2020-03-15 16:42:35.543210', 40, 300008, '01URTOV', 'Machine learning and pattern recognition');
